ID_num,True_Class,Pred_Class,Dice,Jaccard
0032,Healthy,Healthy,0.8656691,0.7631539
0071,Healthy,Healthy,0.92536354,0.86109453
0076,Healthy,Healthy,0.86516666,0.7623733
0086,Healthy,Healthy,0.91168153,0.83769745
0130,Healthy,Healthy,0.8938466,0.80806744
0145,Healthy,Healthy,0.8877722,0.7981928
0160,Healthy,Healthy,0.87843335,0.78321993
0302,Healthy,Healthy,0.8992927,0.8170135
0355,Healthy,Healthy,0.9043524,0.82540447
0387,Healthy,Healthy,0.9059596,0.8280861
0432,Very Mild,Healthy,0.9055106,0.82733613
